metric,value
count,815828.0
mean,1393.7771723941812
std,8.349677290093565
min,1369.0
25%,1390.0
50%,1395.0
75%,1401.0
max,1403.0
