created_jalali_year_month,created_jalali_label,count,mean_effective_rent,median_effective_rent,mean_raw_rent,median_raw_rent,mean_credit,median_credit
1403-02,اردیبهشت 1403,30717,29440073.67145815,16000000.0,16887789.15972639,7000000.0,528202745.198383,300000000.0
1403-03,خرداد 1403,46208,24907896.24298195,14000000.0,13730289.853558788,6000000.0,455722791.2428503,250000000.0
1403-04,تیر 1403,50493,24921281.709211573,14000000.0,13818618.371289248,6000000.0,450259595.2238086,250000000.0
1403-05,مرداد 1403,51600,24951156.910416473,14400000.0,13737705.254100086,6000000.0,455019694.8087367,250000000.0
1403-06,شهریور 1403,46184,24781914.645495843,14000000.0,14258996.619631901,6000000.0,429664495.05614895,220000000.0
1403-07,مهر 1403,44892,26866878.731843535,14800000.0,15722758.714133134,7000000.0,461393193.1284673,250000000.0
1403-08,آبان 1403,38614,27650248.497021805,15000000.0,16301039.785576083,7000000.0,474655261.57401365,250000000.0
1403-09,آذر 1403,35113,28641393.887844387,15000000.0,17337491.466854382,7000000.0,485168151.5948204,250000000.0
